{
    "dttp": {
        "concentration_var": 1.03730359304951, 
        "concentration_units": "M", 
        "concentration": 2.72950970148944e-05, 
        "concentration_ub": 3.18118708927229e-05, 
        "concentration_lb": 2.3419632361922e-05
    }, 
    "gdp": {
        "concentration_var": 1.09532198796275, 
        "concentration_units": "M", 
        "concentration": 2.66772152606016e-05, 
        "concentration_ub": 3.39623958686733e-05, 
        "concentration_lb": 2.09547588106679e-05
    }, 
    "dump": {
        "concentration_var": 1.09086247968267, 
        "concentration_units": "M", 
        "concentration": 1.15035530821051e-06, 
        "concentration_ub": 1.45651061235941e-06, 
        "concentration_lb": 9.08553170776033e-07
    }, 
    "skm": {
        "concentration_var": 2.35803813948345, 
        "concentration_units": "M", 
        "concentration": 4.78617166597292e-07, 
        "concentration_ub": 1.00426206000529e-06, 
        "concentration_lb": 2.28102206868606e-07
    }, 
    "thym": {
        "concentration_var": 1.0, 
        "concentration_units": "M", 
        "concentration": 6.27825213460574e-07, 
        "concentration_ub": 6.27825213460574e-07, 
        "concentration_lb": 6.27825213460574e-07
    }, 
    "acon-C": {
        "concentration_var": 1.35776860565765, 
        "concentration_units": "M", 
        "concentration": 5.98273007135995e-05, 
        "concentration_ub": 9.31283427170184e-05, 
        "concentration_lb": 3.8434120121214e-05
    }, 
    "phe-L": {
        "concentration_var": 1.71093304976921, 
        "concentration_units": "M", 
        "concentration": 3.3080188836668e-05, 
        "concentration_ub": 5.94609734434965e-05, 
        "concentration_lb": 1.84036491516488e-05
    }, 
    "glu-L": {
        "concentration_var": 1.00731584440344, 
        "concentration_units": "M", 
        "concentration": 0.0120087500693238, 
        "concentration_ub": 0.0128578085604984, 
        "concentration_lb": 0.0112157587001665
    }, 
    "gln-L": {
        "concentration_var": 1.11115098461572, 
        "concentration_units": "M", 
        "concentration": 0.00020104863432426, 
        "concentration_ub": 0.000260686735203489, 
        "concentration_lb": 0.000155054123993299
    }, 
    "met-L": {
        "concentration_var": 1.44419599946446, 
        "concentration_units": "M", 
        "concentration": 1.50175926742626e-05, 
        "concentration_ub": 2.43938836928139e-05, 
        "concentration_lb": 9.245271994e-06
    }, 
    "r5p": {
        "concentration_var": 1.02605452779947, 
        "concentration_units": "M", 
        "concentration": 1.31641302087854e-05, 
        "concentration_ub": 1.49666489369843e-05, 
        "concentration_lb": 1.15786990717491e-05
    }, 
    "dtmp": {
        "concentration_var": 1.00671930189277, 
        "concentration_units": "M", 
        "concentration": 1.28677207165037e-05, 
        "concentration_ub": 1.37385103310317e-05, 
        "concentration_lb": 1.20521244624274e-05
    }, 
    "nadph": {
        "concentration_var": 1.05529420822213, 
        "concentration_units": "M", 
        "concentration": 1.84716101510118e-06, 
        "concentration_ub": 2.22394121941324e-06, 
        "concentration_lb": 1.53421492705182e-06
    }, 
    "glx": {
        "concentration_var": 2.65218748660044, 
        "concentration_units": "M", 
        "concentration": 9.54004059999461e-05, 
        "concentration_ub": 0.000210258973431026, 
        "concentration_lb": 4.32858456238023e-05
    }, 
    "pep": {
        "concentration_var": 1.02348258841814, 
        "concentration_units": "M", 
        "concentration": 3.36404261376001e-05, 
        "concentration_ub": 3.80018729016018e-05, 
        "concentration_lb": 2.97795393834819e-05
    }, 
    "adp": {
        "concentration_var": 1.03753295069398, 
        "concentration_units": "M", 
        "concentration": 8.63519902210635e-05, 
        "concentration_ub": 0.000100687914637726, 
        "concentration_lb": 7.40572117514566e-05
    }, 
    "mal-L": {
        "concentration_var": 2.05454864193337, 
        "concentration_units": "M", 
        "concentration": 0.00090295523427606, 
        "concentration_ub": 0.00178052471776825, 
        "concentration_lb": 0.000457914538882946
    }, 
    "glyclt": {
        "concentration_var": 4.11743252340039, 
        "concentration_units": "M", 
        "concentration": 7.11947529077096e-05, 
        "concentration_ub": 0.000184440113284876, 
        "concentration_lb": 2.74815101298545e-05
    }, 
    "asn-L": {
        "concentration_var": 1.44073301587552, 
        "concentration_units": "M", 
        "concentration": 7.94124686251335e-05, 
        "concentration_ub": 0.000128789408032926, 
        "concentration_lb": 4.89662952059346e-05
    }, 
    "utp": {
        "concentration_var": 1.06271252928711, 
        "concentration_units": "M", 
        "concentration": 0.000141092057725817, 
        "concentration_ub": 0.000171872834199703, 
        "concentration_lb": 0.000115823823153896
    }, 
    "gtp": {
        "concentration_var": 1.05877598231231, 
        "concentration_units": "M", 
        "concentration": 9.58849394584435e-05, 
        "concentration_ub": 0.000116091214185987, 
        "concentration_lb": 7.91956710885976e-05
    }, 
    "imp": {
        "concentration_var": 1.06478054126444, 
        "concentration_units": "M", 
        "concentration": 1.32661139316822e-05, 
        "concentration_ub": 1.621090544528e-05, 
        "concentration_lb": 1.08562584269229e-05
    }, 
    "glyc3p": {
        "concentration_var": 1.05139884739785, 
        "concentration_units": "M", 
        "concentration": 6.43688435302497e-05, 
        "concentration_ub": 7.69972498299572e-05, 
        "concentration_lb": 5.38116364749656e-05
    }, 
    "dhap": {
        "concentration_var": 1.03358890849227, 
        "concentration_units": "M", 
        "concentration": 0.000194405505825668, 
        "concentration_ub": 0.000224839191089999, 
        "concentration_lb": 0.000168091250071283
    }, 
    "ser-L": {
        "concentration_var": 3.12468587661932, 
        "concentration_units": "M", 
        "concentration": 0.000336324461713307, 
        "concentration_ub": 0.000790108961146666, 
        "concentration_lb": 0.000143162714396487
    }, 
    "mmal": {
        "concentration_var": 1.16941352266783, 
        "concentration_units": "M", 
        "concentration": 6.73068658341516e-06, 
        "concentration_ub": 9.23708276477247e-06, 
        "concentration_lb": 4.9043776090146e-06
    }, 
    "gthrd": {
        "concentration_var": 1.01062678297942, 
        "concentration_units": "M", 
        "concentration": 0.00299899021259321, 
        "concentration_ub": 0.0032561449284968, 
        "concentration_lb": 0.00276214434330536
    }, 
    "gam6p": {
        "concentration_var": 1.01781587993903, 
        "concentration_units": "M", 
        "concentration": 8.63935225510942e-05, 
        "concentration_ub": 9.6086103067461e-05, 
        "concentration_lb": 7.76786704893854e-05
    }, 
    "s7p": {
        "concentration_var": 1.0296377987292, 
        "concentration_units": "M", 
        "concentration": 6.1035873412569e-05, 
        "concentration_ub": 6.99800997824462e-05, 
        "concentration_lb": 5.32348175383657e-05
    }, 
    "thr-L": {
        "concentration_var": 14.2204439872715, 
        "concentration_units": "M", 
        "concentration": 4.27213863526215e-05, 
        "concentration_ub": 0.000157342731732389, 
        "concentration_lb": 1.15996260634024e-05
    }, 
    "dctp": {
        "concentration_var": 1.11469668166724, 
        "concentration_units": "M", 
        "concentration": 1.00604103471311e-05, 
        "concentration_ub": 1.30956162438627e-05, 
        "concentration_lb": 7.72868221456139e-06
    }, 
    "trp-L": {
        "concentration_var": 1.70859111903161, 
        "concentration_units": "M",