{
    "dttp": {
        "concentration_var": 1.233473154744, 
        "concentration_units": "M", 
        "concentration": 1.5155769760665e-05, 
        "concentration_ub": 2.18656885844315e-05, 
        "concentration_lb": 1.05049221821368e-05
    }, 
    "gdp": {
        "concentration_var": 1.42293520118798, 
        "concentration_units": "M", 
        "concentration": 2.31732667479099e-05, 
        "concentration_ub": 3.72712171808036e-05, 
        "concentration_lb": 1.44079086326799e-05
    }, 
    "dump": {
        "concentration_var": 1.11130757323873, 
        "concentration_units": "M", 
        "concentration": 8.20488260959132e-07, 
        "concentration_ub": 1.06405866061837e-06, 
        "concentration_lb": 6.32672813339551e-07
    }, 
    "skm": {
        "concentration_var": 1.26030636293004, 
        "concentration_units": "M", 
        "concentration": 7.41554683525555e-07, 
        "concentration_ub": 1.08966320119561e-06, 
        "concentration_lb": 5.04654418039735e-07
    }, 
    "thym": {
        "concentration_var": 1.0, 
        "concentration_units": "M", 
        "concentration": 5.57040998217469e-07, 
        "concentration_ub": 5.57040998217469e-07, 
        "concentration_lb": 5.57040998217469e-07
    }, 
    "acon-C": {
        "concentration_var": 1.08350548924115, 
        "concentration_units": "M", 
        "concentration": 0.000116658718973414, 
        "concentration_ub": 0.000146329224134153, 
        "concentration_lb": 9.30043659634327e-05
    }, 
    "phe-L": {
        "concentration_var": 1.10005266833529, 
        "concentration_units": "M", 
        "concentration": 7.60800491188957e-06, 
        "concentration_ub": 9.74050762743042e-06, 
        "concentration_lb": 5.94237394531e-06
    }, 
    "glu-L": {
        "concentration_var": 1.02529050797886, 
        "concentration_units": "M", 
        "concentration": 0.0102420463487194, 
        "concentration_ub": 0.011622677404745, 
        "concentration_lb": 0.00902541727317424
    }, 
    "gln-L": {
        "concentration_var": 1.04808697153217, 
        "concentration_units": "M", 
        "concentration": 7.08953459244202e-05, 
        "concentration_ub": 8.43196624142789e-05, 
        "concentration_lb": 5.96082803207721e-05
    }, 
    "met-L": {
        "concentration_var": 1.43536045308938, 
        "concentration_units": "M", 
        "concentration": 5.54250695129196e-06, 
        "concentration_ub": 8.96645309513448e-06, 
        "concentration_lb": 3.42603513108089e-06
    }, 
    "r5p": {
        "concentration_var": 1.03267556853932, 
        "concentration_units": "M", 
        "concentration": 1.2390274340465e-05, 
        "concentration_ub": 1.43018935550823e-05, 
        "concentration_lb": 1.07341659089214e-05
    }, 
    "dtmp": {
        "concentration_var": 1.54986682761941, 
        "concentration_units": "M", 
        "concentration": 6.19719349762254e-06, 
        "concentration_ub": 1.0525085751276e-05, 
        "concentration_lb": 3.64892107813175e-06
    }, 
    "nadph": {
        "concentration_var": 1.09994814089574, 
        "concentration_units": "M", 
        "concentration": 4.40929966320597e-07, 
        "concentration_ub": 5.64451901436076e-07, 
        "concentration_lb": 3.44438976474067e-07
    }, 
    "glx": {
        "concentration_var": 1.20579891139506, 
        "concentration_units": "M", 
        "concentration": 0.000110903509349073, 
        "concentration_ub": 0.000156775092449896, 
        "concentration_lb": 7.84537147689505e-05
    }, 
    "pep": {
        "concentration_var": 1.0063716870248, 
        "concentration_units": "M", 
        "concentration": 4.9238105749782e-05, 
        "concentration_ub": 5.2480308270806e-05, 
        "concentration_lb": 4.61962045900437e-05
    }, 
    "adp": {
        "concentration_var": 1.9703136700676, 
        "concentration_units": "M", 
        "concentration": 4.74643953454088e-05, 
        "concentration_ub": 9.17380076534959e-05, 
        "concentration_lb": 2.45576384655593e-05
    }, 
    "mal-L": {
        "concentration_var": 1.05321796484934, 
        "concentration_units": "M", 
        "concentration": 0.00103510808639022, 
        "concentration_ub": 0.00124198253565065, 
        "concentration_lb": 0.000862692284114221
    }, 
    "glyclt": {
        "concentration_var": 1.07868523443885, 
        "concentration_units": "M", 
        "concentration": 0.000172229874941297, 
        "concentration_ub": 0.000214658284654389, 
        "concentration_lb": 0.000138187677545519
    }, 
    "asn-L": {
        "concentration_var": 1.1085969705691, 
        "concentration_units": "M", 
        "concentration": 3.92463290234587e-05, 
        "concentration_ub": 5.07432691691246e-05, 
        "concentration_lb": 3.03542591369887e-05
    }, 
    "utp": {
        "concentration_var": 1.67272258583941, 
        "concentration_units": "M", 
        "concentration": 9.34244189351896e-05, 
        "concentration_ub": 0.000165848561068204, 
        "concentration_lb": 5.26270592711891e-05
    }, 
    "gtp": {
        "concentration_var": 1.20107933022271, 
        "concentration_units": "M", 
        "concentration": 0.000166048523586898, 
        "concentration_ub": 0.000233874720168241, 
        "concentration_lb": 0.000117892657083904
    }, 
    "imp": {
        "concentration_var": 1.27085524014945, 
        "concentration_units": "M", 
        "concentration": 1.02531140306255e-05, 
        "concentration_ub": 1.51701289464802e-05, 
        "concentration_lb": 6.92982556021059e-06
    }, 
    "glyc3p": {
        "concentration_var": 1.12475448984334, 
        "concentration_units": "M", 
        "concentration": 6.06162247197374e-05, 
        "concentration_ub": 7.97519744619039e-05, 
        "concentration_lb": 4.60719214046402e-05
    }, 
    "dhap": {
        "concentration_var": 1.03888211075965, 
        "concentration_units": "M", 
        "concentration": 0.000228828163253384, 
        "concentration_ub": 0.000267534985757504, 
        "concentration_lb": 0.000195721423684674
    }, 
    "ser-L": {
        "concentration_var": 1.09965329587547, 
        "concentration_units": "M", 
        "concentration": 4.63376071774999e-05, 
        "concentration_ub": 5.92979801617068e-05, 
        "concentration_lb": 3.62098984329804e-05
    }, 
    "mmal": {
        "concentration_var": 1.09466834572301, 
        "concentration_units": "M", 
        "concentration": 3.76842362292033e-05, 
        "concentration_ub": 4.79372638381824e-05, 
        "concentration_lb": 2.96241701439639e-05
    }, 
    "gthrd": {
        "concentration_var": 1.01760347862667, 
        "concentration_units": "M", 
        "concentration": 0.00278217366354091, 
        "concentration_ub": 0.00309235919728561, 
        "concentration_lb": 0.00250310193618356
    }, 
    "gam6p": {
        "concentration_var": 1.00844488603521, 
        "concentration_units": "M", 
        "concentration": 7.42968837585128e-05, 
        "concentration_ub": 7.995361357442e-05, 
        "concentration_lb": 6.90403684017106e-05
    }, 
    "s7p": {
        "concentration_var": 1.05804421203025, 
        "concentration_units": "M", 
        "concentration": 5.97534763133997e-05, 
        "concentration_ub": 7.22616589037422e-05, 
        "concentration_lb": 4.94104063718237e-05
    }, 
    "thr-L": {
        "concentration_var": 1.02473520288847, 
        "concentration_units": "M", 
        "concentration": 0.000143453286005161, 
        "concentration_ub": 0.000162566499221777, 
        "concentration_lb": 0.000126587244999379
    }, 
    "dctp": {
        "concentration_var": 1.26832804868696, 
        "concentration_units": "M", 
        "concentration": 8.79815791077765e-06, 
        "concentration_ub": 1.29962276595055e-05, 
        "concentration_lb": 5.95615779063113e-06
    }, 
    "trp-L": {
        "concentration_var": 1.93812102007599, 
        "concentration_units": "M",