{
    "dttp": {
        "concentration_var": 1.05777012544081, 
        "concentration_units": "M", 
        "concentration": 3.14108737871227e-05, 
        "concentration_ub": 3.79695135016007e-05, 
        "concentration_lb": 2.59851365235153e-05
    }, 
    "gdp": {
        "concentration_var": 1.11411703167719, 
        "concentration_units": "M", 
        "concentration": 4.90388329952196e-05, 
        "concentration_ub": 6.37934034163231e-05, 
        "concentration_lb": 3.76967995552611e-05
    }, 
    "dump": {
        "concentration_var": 1.04335813725311, 
        "concentration_units": "M", 
        "concentration": 2.10185739708976e-06, 
        "concentration_ub": 2.47854636482632e-06, 
        "concentration_lb": 1.78241754134405e-06
    }, 
    "skm": {
        "concentration_var": 1.10285000965836, 
        "concentration_units": "M", 
        "concentration": 1.30382853645879e-06, 
        "concentration_ub": 1.67475356990536e-06, 
        "concentration_lb": 1.01505611513958e-06
    }, 
    "thym": {
        "concentration_var": 1.15008750698278, 
        "concentration_units": "M", 
        "concentration": 2.1445968872443e-05, 
        "concentration_ub": 2.89265079563081e-05, 
        "concentration_lb": 1.58999344674613e-05
    }, 
    "acon-C": {
        "concentration_var": 1.11954114056756, 
        "concentration_units": "M", 
        "concentration": 8.4701059412719e-05, 
        "concentration_ub": 0.000110831538381915, 
        "concentration_lb": 6.47312991444284e-05
    }, 
    "phe-L": {
        "concentration_var": 1.04830514052862, 
        "concentration_units": "M", 
        "concentration": 1.63818087381236e-05, 
        "concentration_ub": 1.94912492266008e-05, 
        "concentration_lb": 1.37684175299659e-05
    }, 
    "glu-L": {
        "concentration_var": 1.00242147763018, 
        "concentration_units": "M", 
        "concentration": 0.00996413629042184, 
        "concentration_ub": 0.0103640540759154, 
        "concentration_lb": 0.00957965013370811
    }, 
    "gln-L": {
        "concentration_var": 1.01461109299072, 
        "concentration_units": "M", 
        "concentration": 0.0015218316529728, 
        "concentration_ub": 0.00167579107897613, 
        "concentration_lb": 0.00138201689282468
    }, 
    "met-L": {
        "concentration_var": 1.00466486873372, 
        "concentration_units": "M", 
        "concentration": 1.75678575792696e-05, 
        "concentration_ub": 1.85535035409155e-05, 
        "concentration_lb": 1.66345735857861e-05
    }, 
    "r5p": {
        "concentration_var": 1.0171864730417, 
        "concentration_units": "M", 
        "concentration": 1.54979385081314e-05, 
        "concentration_ub": 1.72043119761865e-05, 
        "concentration_lb": 1.39608081005668e-05
    }, 
    "dtmp": {
        "concentration_var": 1.01111580114915, 
        "concentration_units": "M", 
        "concentration": 1.57445729363846e-05, 
        "concentration_ub": 1.71264741381963e-05, 
        "concentration_lb": 1.4474174599445e-05
    }, 
    "nadph": {
        "concentration_var": 1.0543457866559, 
        "concentration_units": "M", 
        "concentration": 2.45698201043285e-06, 
        "concentration_ub": 2.95354959658282e-06, 
        "concentration_lb": 2.04390019608102e-06
    }, 
    "glx": {
        "concentration_var": 1.78532008509899, 
        "concentration_units": "M", 
        "concentration": 0.000113461783265537, 
        "concentration_ub": 0.000208646923984025, 
        "concentration_lb": 6.17002926090653e-05
    }, 
    "pep": {
        "concentration_var": 1.0156121907525, 
        "concentration_units": "M", 
        "concentration": 3.30239742233696e-05, 
        "concentration_ub": 3.64822796488976e-05, 
        "concentration_lb": 2.98934958012893e-05
    }, 
    "adp": {
        "concentration_var": 1.05170173570112, 
        "concentration_units": "M", 
        "concentration": 9.47731403854238e-05, 
        "concentration_ub": 0.000113424796415098, 
        "concentration_lb": 7.91885762408094e-05
    }, 
    "mal-L": {
        "concentration_var": 1.01642864968409, 
        "concentration_units": "M", 
        "concentration": 0.00100326779691641, 
        "concentration_ub": 0.0011111613598091, 
        "concentration_lb": 0.000905850679061083
    }, 
    "glyclt": {
        "concentration_var": 1.24027757529116, 
        "concentration_units": "M", 
        "concentration": 9.68988744350515e-05, 
        "concentration_ub": 0.000140467905462886, 
        "concentration_lb": 6.68436810233546e-05
    }, 
    "asn-L": {
        "concentration_var": 1.06228659312671, 
        "concentration_units": "M", 
        "concentration": 0.000235825702797845, 
        "concentration_ub": 0.000287086593250116, 
        "concentration_lb": 0.000193717726315577
    }, 
    "utp": {
        "concentration_var": 1.03502625673119, 
        "concentration_units": "M", 
        "concentration": 0.000170074691712908, 
        "concentration_ub": 0.000197295833888227, 
        "concentration_lb": 0.000146609283081099
    }, 
    "gtp": {
        "concentration_var": 1.08782559268092, 
        "concentration_units": "M", 
        "concentration": 0.000173497880956204, 
        "concentration_ub": 0.000218836572454367, 
        "concentration_lb": 0.000137552486582516
    }, 
    "imp": {
        "concentration_var": 1.03786785914369, 
        "concentration_units": "M", 
        "concentration": 1.80546383302839e-05, 
        "concentration_ub": 2.10661558910805e-05, 
        "concentration_lb": 1.54736330122466e-05
    }, 
    "glyc3p": {
        "concentration_var": 1.04248182254228, 
        "concentration_units": "M", 
        "concentration": 9.83367895456327e-05, 
        "concentration_ub": 0.000115770425836391, 
        "concentration_lb": 8.35284495870132e-05
    }, 
    "dhap": {
        "concentration_var": 1.01517482728761, 
        "concentration_units": "M", 
        "concentration": 0.00032544042423103, 
        "concentration_ub": 0.000359019951991731, 
        "concentration_lb": 0.000295001626333326
    }, 
    "ser-L": {
        "concentration_var": 1.21535793294008, 
        "concentration_units": "M", 
        "concentration": 0.000121654861094892, 
        "concentration_ub": 0.000173220794426278, 
        "concentration_lb": 8.54395413497322e-05
    }, 
    "mmal": {
        "concentration_var": 1.04332282767187, 
        "concentration_units": "M", 
        "concentration": 3.28197748603083e-06, 
        "concentration_ub": 3.86990986037829e-06, 
        "concentration_lb": 2.78336617839473e-06
    }, 
    "gthrd": {
        "concentration_var": 1.07721266074578, 
        "concentration_units": "M", 
        "concentration": 0.00335113966315574, 
        "concentration_ub": 0.00416836081596421, 
        "concentration_lb": 0.00269413746501161
    }, 
    "gam6p": {
        "concentration_var": 1.02467520241733, 
        "concentration_units": "M", 
        "concentration": 9.05957316116234e-05, 
        "concentration_ub": 0.000102650995070981, 
        "concentration_lb": 7.99562301424347e-05
    }, 
    "s7p": {
        "concentration_var": 1.03585539863251, 
        "concentration_units": "M", 
        "concentration": 7.08290312618792e-05, 
        "concentration_ub": 8.23066813060254e-05, 
        "concentration_lb": 6.09519371926007e-05
    }, 
    "thr-L": {
        "concentration_var": 1.00979075299421, 
        "concentration_units": "M", 
        "concentration": 0.000195883585761352, 
        "concentration_ub": 0.000211982311420007, 
        "concentration_lb": 0.000181007457243451
    }, 
    "dctp": {
        "concentration_var": 1.10483160692498, 
        "concentration_units": "M", 
        "concentration": 2.21543910876647e-05, 
        "concentration_ub": 2.85221745176107e-05, 
        "concentration_lb": 1.72082617390251e-05
    }, 
    "trp-L": {
        "concentration_var": 1.36601189016396, 
        "concentration_units": "M",