{
    "dttp": {
        "concentration_var": 1.0323117285597, 
        "concentration_units": "M", 
        "concentration": 2.86548836583691e-05, 
        "concentration_ub": 3.30498020325023e-05, 
        "concentration_lb": 2.48443956386538e-05
    }, 
    "gdp": {
        "concentration_var": 1.02695954928505, 
        "concentration_units": "M", 
        "concentration": 3.84588241411536e-05, 
        "concentration_ub": 4.38203199258274e-05, 
        "concentration_lb": 3.37533171100474e-05
    }, 
    "dump": {
        "concentration_var": 1.04867940229614, 
        "concentration_units": "M", 
        "concentration": 2.20313147393791e-06, 
        "concentration_ub": 2.62302998763089e-06, 
        "concentration_lb": 1.85045093435617e-06
    }, 
    "skm": {
        "concentration_var": 1.09014883215787, 
        "concentration_units": "M", 
        "concentration": 1.61050079380376e-06, 
        "concentration_ub": 2.03730613154745e-06, 
        "concentration_lb": 1.27310901718656e-06
    }, 
    "thym": {
        "concentration_var": 1.81651191257278, 
        "concentration_units": "M", 
        "concentration": 2.37066561524611e-05, 
        "concentration_ub": 4.39902680636305e-05, 
        "concentration_lb": 1.27756790460585e-05
    }, 
    "acon-C": {
        "concentration_var": 1.45315945807822, 
        "concentration_units": "M", 
        "concentration": 7.8828735044443e-05, 
        "concentration_ub": 0.00012856746369904, 
        "concentration_lb": 4.83323641139338e-05
    }, 
    "phe-L": {
        "concentration_var": 1.39594612686006, 
        "concentration_units": "M", 
        "concentration": 2.36095248301232e-05, 
        "concentration_ub": 3.74794318764461e-05, 
        "concentration_lb": 1.48724149432614e-05
    }, 
    "glu-L": {
        "concentration_var": 1.02826396831097, 
        "concentration_units": "M", 
        "concentration": 0.0123577018189409, 
        "concentration_ub": 0.0141238715765499, 
        "concentration_lb": 0.0108123890406514
    }, 
    "gln-L": {
        "concentration_var": 1.40524732599463, 
        "concentration_units": "M", 
        "concentration": 0.000554837503062782, 
        "concentration_ub": 0.000884829482644579, 
        "concentration_lb": 0.000347914101918096
    }, 
    "met-L": {
        "concentration_var": 1.00845034641033, 
        "concentration_units": "M", 
        "concentration": 1.88075084572146e-05, 
        "concentration_ub": 2.02399307319203e-05, 
        "concentration_lb": 1.74764617059852e-05
    }, 
    "r5p": {
        "concentration_var": 1.01452158788816, 
        "concentration_units": "M", 
        "concentration": 1.51005063400269e-05, 
        "concentration_ub": 1.66233023408793e-05, 
        "concentration_lb": 1.37172077514612e-05
    }, 
    "dtmp": {
        "concentration_var": 1.02478615783899, 
        "concentration_units": "M", 
        "concentration": 1.5054476500441e-05, 
        "concentration_ub": 1.70624524449207e-05, 
        "concentration_lb": 1.32828069958839e-05
    }, 
    "nadph": {
        "concentration_var": 1.1003409452572, 
        "concentration_units": "M", 
        "concentration": 2.24867881468046e-06, 
        "concentration_ub": 2.87995410520435e-06, 
        "concentration_lb": 1.75577673354413e-06
    }, 
    "glx": {
        "concentration_var": 10.4460091250271, 
        "concentration_units": "M", 
        "concentration": 7.890667504471e-05, 
        "concentration_ub": 0.000268784824312991, 
        "concentration_lb": 2.31644899689767e-05
    }, 
    "pep": {
        "concentration_var": 1.00926454856137, 
        "concentration_units": "M", 
        "concentration": 3.17382820132317e-05, 
        "concentration_ub": 3.42732152428574e-05, 
        "concentration_lb": 2.93908388230764e-05
    }, 
    "adp": {
        "concentration_var": 1.01564823941701, 
        "concentration_units": "M", 
        "concentration": 9.25195638454747e-05, 
        "concentration_ub": 0.000102219965363644, 
        "concentration_lb": 8.3739704505919e-05
    }, 
    "mal-L": {
        "concentration_var": 1.19886495181983, 
        "concentration_units": "M", 
        "concentration": 0.00137570626497422, 
        "concentration_ub": 0.00193429630153628, 
        "concentration_lb": 0.000978427000034165
    }, 
    "glyclt": {
        "concentration_var": 1.47400624611776, 
        "concentration_units": "M", 
        "concentration": 0.000117020234339956, 
        "concentration_ub": 0.000192627366584396, 
        "concentration_lb": 7.10892511681544e-05
    }, 
    "asn-L": {
        "concentration_var": 1.01661136510395, 
        "concentration_units": "M", 
        "concentration": 0.000128338372461415, 
        "concentration_ub": 0.000142220033170861, 
        "concentration_lb": 0.000115811658026103
    }, 
    "utp": {
        "concentration_var": 1.0197809299673, 
        "concentration_units": "M", 
        "concentration": 0.000154346161063624, 
        "concentration_ub": 0.000172636188743611, 
        "concentration_lb": 0.000137993879547806
    }, 
    "gtp": {
        "concentration_var": 1.01635874840234, 
        "concentration_units": "M", 
        "concentration": 0.00016636002880697, 
        "concentration_ub": 0.0001842109892089, 
        "concentration_lb": 0.000150238915189099
    }, 
    "imp": {
        "concentration_var": 1.09291766923185, 
        "concentration_units": "M", 
        "concentration": 1.40224057882949e-05, 
        "concentration_ub": 1.77994766894262e-05, 
        "concentration_lb": 1.1046833989699e-05
    }, 
    "glyc3p": {
        "concentration_var": 1.29465651410404, 
        "concentration_units": "M", 
        "concentration": 8.8849096724188e-05, 
        "concentration_ub": 0.000133428653072182, 
        "concentration_lb": 5.91639187456501e-05
    }, 
    "dhap": {
        "concentration_var": 1.00708143003042, 
        "concentration_units": "M", 
        "concentration": 0.000311394111536809, 
        "concentration_ub": 0.00033304433119635, 
        "concentration_lb": 0.000291151308150118
    }, 
    "ser-L": {
        "concentration_var": 1.56698897559369, 
        "concentration_units": "M", 
        "concentration": 0.000125855811175475, 
        "concentration_ub": 0.000215164177682073, 
        "concentration_lb": 7.36167394464778e-05
    }, 
    "mmal": {
        "concentration_var": 1.27066726486632, 
        "concentration_units": "M", 
        "concentration": 5.2234038782295e-06, 
        "concentration_ub": 7.72742120778627e-06, 
        "concentration_lb": 3.5307960238548e-06
    }, 
    "gthrd": {
        "concentration_var": 1.03416370614849, 
        "concentration_units": "M", 
        "concentration": 0.00311134341997842, 
        "concentration_ub": 0.00360280417726962, 
        "concentration_lb": 0.00268692313007679
    }, 
    "gam6p": {
        "concentration_var": 1.00587370927773, 
        "concentration_units": "M", 
        "concentration": 0.000114300588133009, 
        "concentration_ub": 0.00012151853775912, 
        "concentration_lb": 0.000107511369775113
    }, 
    "s7p": {
        "concentration_var": 1.05258611679475, 
        "concentration_units": "M", 
        "concentration": 5.55285010284251e-05, 
        "concentration_ub": 6.65558892878929e-05, 
        "concentration_lb": 4.63281981422599e-05
    }, 
    "thr-L": {
        "concentration_var": 1.02193174515093, 
        "concentration_units": "M", 
        "concentration": 0.000206004854167846, 
        "concentration_ub": 0.000231772724506023, 
        "concentration_lb": 0.000183101786593585
    }, 
    "dctp": {
        "concentration_var": 1.03623977328177, 
        "concentration_units": "M", 
        "concentration": 1.70124878963298e-05, 
        "concentration_ub": 1.97849142594711e-05, 
        "concentration_lb": 1.46285569210501e-05
    }, 
    "trp-L": {
        "concentration_var": 4.09739157245726, 
        "concentration_units": "M",