{
    "inputfrag": {
        "xglc_DASH_D_e": {
            "x111100": [
                0.47392097887000173, 
                0.3090349346972413, 
                0.014272720109893153, 
                0.0026652693452378193, 
                0.1980006632406348
            ], 
            "x100100": [
                0.48681386897401424, 
                0.3063168122575351, 
                0.20455026728941395
            ], 
            "x101000": [
                0.48681386897401424, 
                0.3063168122575351, 
                0.20455026728941395
            ], 
            "x100000": [
                0.4933912539799425, 
                0.50430871737391
            ], 
            "x100001": [
                0.4867578853790823, 
                0.3063375694190576, 
                0.20456197044208527
            ], 
            "x010000": [
                0.7893352223771757, 
                0.20848759572927356
            ], 
            "x010001": [
                0.778723053155622, 
                0.017886002340324704, 
                0.20222947979524963
            ], 
            "x101111": [
                0.4675493771945229, 
                0.3102764450436716, 
                0.018564226611276075, 
                0.0034316499125296627, 
                0.00016206463412286195, 
                0.19737024485545335
            ], 
            "x011101": [
                0.7580991732999465, 
                0.0347374192763029, 
                0.006849790325157144, 
                0.00028846244021681484, 
                0.19788237788174698
            ], 
            "x001100": [
                0.7788126166065317, 
                0.017798485715272212, 
                0.20225069179894922
            ], 
            "x111011": [
                0.4675493771945229, 
                0.3102764450436716, 
                0.018564226611276075, 
                0.0034316499125296627, 
                0.00016206463412286195, 
                0.19737024485545335
            ], 
            "x111010": [
                0.47392097887000173, 
                0.3090349346972413, 
                0.014272720109893153, 
                0.0026652693452378193, 
                0.1980006632406348
            ], 
            "x110010": [
                0.48032416690362106, 
                0.30772182214271276, 
                0.009959035697693124, 
                0.20037354977777852
            ], 
            "x110011": [
                0.47386647795743164, 
                0.30905389659232124, 
                0.014306617764570696, 
                0.002666604186936007, 
                0.19797819965534383
            ], 
            "x110100": [
                0.48032416690362106, 
                0.30772182214271276, 
                0.009959035697693124, 
                0.20037354977777852
            ], 
            "x000100": [
                0.7893352223771757, 
                0.20848759572927356
            ], 
            "x000101": [
                0.778723053155622, 
                0.017886002340324704, 
                0.20222947979524963
            ], 
            "x111110": [
                0.467603151556952, 
                0.3102583503915375, 
                0.018530677928942876, 
                0.003429913350210973, 
                0.00016168881177689354, 
                0.1973929264571219
            ], 
            "x011000": [
                0.7788126166065317, 
                0.017798485715272212, 
                0.20225069179894922
            ], 
            "x001110": [
                0.7684302873990834, 
                0.026341821900077566, 
                0.005053823231273279, 
                0.19857067769494263
            ], 
            "x001111": [
                0.7580991732999465, 
                0.0347374192763029, 
                0.006849790325157144, 
                0.00028846244021681484, 
                0.19788237788174698
            ], 
            "x001000": [
                0.7893352223771757, 
                0.20848759572927356
            ], 
            "x001001": [
                0.778723053155622, 
                0.017886002340324704, 
                0.20222947979524963
            ], 
            "x000001": [
                0.7892444488266022, 
                0.20855439320633806
            ], 
            "x010011": [
                0.7683419179160325, 
                0.026427162073609956, 
                0.005056271351120191, 
                0.19854842323914496
            ], 
            "x100110": [
                0.48032416690362106, 
                0.30772182214271276, 
                0.009959035697693124, 
                0.20037354977777852
            ], 
            "x100111": [
                0.47386647795743164, 
                0.30905389659232124, 
                0.014306617764570696, 
                0.002666604186936007, 
                0.19797819965534383
            ], 
            "x010111": [
                0.7580991732999465, 
                0.0347374192763029, 
                0.006849790325157144, 
                0.00028846244021681484, 
                0.19788237788174698
            ], 
            "x100011": [
                0.48026892962442713, 
                0.30774167141236025, 
                0.0099932784181343, 
                0.2003516521013525
            ], 
            "x100010": [
                0.48681386897401424, 
                0.3063168122575351, 
                0.20455026728941395
            ], 
            "x111000": [
                0.48032416690362106, 
                0.30772182214271276, 
                0.009959035697693124, 
                0.20037354977777852
            ], 
            "x011110": [
                0.7581863647318906, 
                0.03465421307886281, 
                0.006846592448784684, 
                0.0002877082008227138, 
                0.19790510389308275
            ], 
            "x011011": [
                0.7580991732999465, 
                0.0347374192763029, 
                0.006849790325157144, 
                0.00028846244021681484, 
                0.19788237788174698
            ], 
            "x110001": [
                0.48026892962442713, 
                0.30774167141236025, 
                0.0099932784181343, 
                0.2003516521013525
            ], 
            "x110000": [
                0.48681386897401424, 
                0.3063168122575351, 
                0.20455026728941395
            ], 
            "x101100": [
                0.48032416690362106, 
                0.30772182214271276, 
                0.009959035697693124, 
                0.20037354977777852
            ], 
            "x011100": [
                0.7684302873990834, 
                0.026341821900077566, 
                0.005053823231273279, 
                0.19857067769494263
            ], 
            "x110111": [
                0.4675493771945229, 
                0.3102764450436716, 
                0.018564226611276075, 
                0.0034316499125296627, 
                0.00016206463412286195, 
                0.19737024485545335
            ], 
            "x101110": [
                0.47392097887000173, 
                0.3090349346972413, 
                0.014272720109893153, 
                0.0026652693452378193, 
                0.1980006632406348
            ], 
            "x111101": [
                0.4675493771945229, 
                0.3102764450436716, 
                0.018564226611276075, 
                0.0034316499125296627, 
                0.00016206463412286195, 
                0.19737024485545335
            ], 
            "x110110": [
                0.47392097887000173, 
                0.3090349346972413, 
                0.014272720109893153, 
                0.0026652693452378193, 
                0.1980006632406348
            ],