{
    "dttp": {
        "concentration_var": 1.00704109028131, 
        "concentration_units": "M", 
        "concentration": 3.3074246181556e-05, 
        "concentration_ub": 3.59038199891228e-05, 
        "concentration_lb": 3.0467670593535e-05
    }, 
    "gdp": {
        "concentration_var": 1.04220066896781, 
        "concentration_units": "M", 
        "concentration": 0.00012441112374414, 
        "concentration_ub": 0.000151841058982263, 
        "concentration_lb": 0.000101936378836028
    }, 
    "xan": {
        "concentration_var": NaN, 
        "concentration_units": "M", 
        "concentration": NaN, 
        "concentration_ub": NaN, 
        "concentration_lb": NaN
    }, 
    "dump": {
        "concentration_var": 1.02473390559658, 
        "concentration_units": "M", 
        "concentration": 2.4895742669646e-06, 
        "concentration_ub": 2.90169780467924e-06, 
        "concentration_lb": 2.13598398177009e-06
    }, 
    "skm": {
        "concentration_var": 1.01876955350586, 
        "concentration_units": "M", 
        "concentration": 2.71938004057464e-06, 
        "concentration_ub": 3.10819516146374e-06, 
        "concentration_lb": 2.37920317770304e-06
    }, 
    "thym": {
        "concentration_var": 1.06917580966918, 
        "concentration_units": "M", 
        "concentration": 1.30007816080462e-05, 
        "concentration_ub": 1.67511051196594e-05, 
        "concentration_lb": 1.00900998001467e-05
    }, 
    "acon-C": {
        "concentration_var": 1.14785417169594, 
        "concentration_units": "M", 
        "concentration": 5.9331980764335e-05, 
        "concentration_ub": 8.53758102304136e-05, 
        "concentration_lb": 4.12328027332194e-05
    }, 
    "phe-L": {
        "concentration_var": 2.88402835720874, 
        "concentration_units": "M", 
        "concentration": 1.9519310163883e-05, 
        "concentration_ub": 5.35164717503162e-05, 
        "concentration_lb": 7.1193682395853e-06
    }, 
    "glu-L": {
        "concentration_var": 1.00382446898468, 
        "concentration_units": "M", 
        "concentration": 0.0146088080676738, 
        "concentration_ub": 0.0155206633946102, 
        "concentration_lb": 0.0137505252019217
    }, 
    "gln-L": {
        "concentration_var": 1.00174988966748, 
        "concentration_units": "M", 
        "concentration": 0.00142113711787969, 
        "concentration_ub": 0.00148058083978438, 
        "concentration_lb": 0.00136407999721888
    }, 
    "gsn": {
        "concentration_var": 1.09569023109913, 
        "concentration_units": "M", 
        "concentration": 1.10718338963317e-06, 
        "concentration_ub": 1.48895129564479e-06, 
        "concentration_lb": 8.23300978255795e-07
    }, 
    "met-L": {
        "concentration_var": 1.02748955760217, 
        "concentration_units": "M", 
        "concentration": 2.5338985610492e-05, 
        "concentration_ub": 2.97767406439719e-05, 
        "concentration_lb": 2.15626081929387e-05
    }, 
    "r5p": {
        "concentration_var": 1.01306975966767, 
        "concentration_units": "M", 
        "concentration": 2.81172428445436e-05, 
        "concentration_ub": 3.14392180888616e-05, 
        "concentration_lb": 2.5146278859242e-05
    }, 
    "dtmp": {
        "concentration_var": 1.00531602253985, 
        "concentration_units": "M", 
        "concentration": 1.12481615180246e-05, 
        "concentration_ub": 1.20801407489527e-05, 
        "concentration_lb": 1.04734820698624e-05
    }, 
    "nadph": {
        "concentration_var": 1.01392595950222, 
        "concentration_units": "M", 
        "concentration": 3.8025726479799e-06, 
        "concentration_ub": 4.26706555798594e-06, 
        "concentration_lb": 3.38864227574459e-06
    }, 
    "itp": {
        "concentration_var": 1.03947650545402, 
        "concentration_units": "M", 
        "concentration": 3.8909290185669e-06, 
        "concentration_ub": 4.71844618172765e-06, 
        "concentration_lb": 3.20854112655847e-06
    }, 
    "ditp": {
        "concentration_var": 1.12332995938874, 
        "concentration_units": "M", 
        "concentration": 1.11665962425393e-05, 
        "concentration_ub": 1.55978094360767e-05, 
        "concentration_lb": 7.99425535713275e-06
    }, 
    "glx": {
        "concentration_var": 4.33277232416455, 
        "concentration_units": "M", 
        "concentration": 0.000361892816485862, 
        "concentration_ub": 0.00118559645393472, 
        "concentration_lb": 0.000110464576871348
    }, 
    "nadp": {
        "concentration_var": 1.02879888780614, 
        "concentration_units": "M", 
        "concentration": 7.82664467824883e-05, 
        "concentration_ub": 9.23188405623899e-05, 
        "concentration_lb": 6.6353050521863e-05
    }, 
    "pep": {
        "concentration_var": 1.0093879920457, 
        "concentration_units": "M", 
        "concentration": 2.58339484771973e-05, 
        "concentration_ub": 2.84009202325786e-05, 
        "concentration_lb": 2.34989883587265e-05
    }, 
    "adp": {
        "concentration_var": 1.07966517137137, 
        "concentration_units": "M", 
        "concentration": 0.000186397867910019, 
        "concentration_ub": 0.000244497575162025, 
        "concentration_lb": 0.000142104334320602
    }, 
    "mal-L": {
        "concentration_var": 1.00300156615017, 
        "concentration_units": "M", 
        "concentration": 0.00116398304045388, 
        "concentration_ub": 0.00122813698545856, 
        "concentration_lb": 0.00110318029218735
    }, 
    "damp": {
        "concentration_var": 1.09087719020269, 
        "concentration_units": "M", 
        "concentration": 1.29249293769749e-06, 
        "concentration_ub": 1.72564631178775e-06, 
        "concentration_lb": 9.68065114262742e-07
    }, 
    "glyclt": {
        "concentration_var": 1.83444016221818, 
        "concentration_units": "M", 
        "concentration": 9.23160008169072e-05, 
        "concentration_ub": 0.00019806069795641, 
        "concentration_lb": 4.30284457984836e-05
    }, 
    "asn-L": {
        "concentration_var": 1.08570551232384, 
        "concentration_units": "M", 
        "concentration": 0.000207206970470933, 
        "concentration_ub": 0.00027444222456642, 
        "concentration_lb": 0.000156443596387448
    }, 
    "utp": {
        "concentration_var": 1.00844381017421, 
        "concentration_units": "M", 
        "concentration": 0.000292240741842313, 
        "concentration_ub": 0.000319718554681617, 
        "concentration_lb": 0.000267124475392406
    }, 
    "gtp": {
        "concentration_var": 1.00384432106606, 
        "concentration_units": "M", 
        "concentration": 0.000361725608961533, 
        "concentration_ub": 0.000384364068750717, 
        "concentration_lb": 0.000340420520065452
    }, 
    "imp": {
        "concentration_var": 1.02790740363303, 
        "concentration_units": "M", 
        "concentration": 1.63245269328088e-05, 
        "concentration_ub": 1.92066663946673e-05, 
        "concentration_lb": 1.38748793832328e-05
    }, 
    "glyc3p": {
        "concentration_var": 1.0885222018761, 
        "concentration_units": "M", 
        "concentration": 0.000114018019563638, 
        "concentration_ub": 0.000151679863832762, 
        "concentration_lb": 8.57075451989308e-05
    }, 
    "ade": {
        "concentration_var": 1.03766044695737, 
        "concentration_units": "M", 
        "concentration": 3.55530031489661e-06, 
        "concentration_ub": 4.29248713969416e-06, 
        "concentration_lb": 2.94471711102309e-06
    }, 
    "dcmp": {
        "concentration_var": 1.15138473669931, 
        "concentration_units": "M", 
        "concentration": 1.42235957436179e-06, 
        "concentration_ub": 2.05497072634016e-06, 
        "concentration_lb": 9.8449419879656e-07
    }, 
    "mmal": {
        "concentration_var": 1.0123074911185, 
        "concentration_units": "M", 
        "concentration": 8.76684498005955e-06,